iter	RMSE
0	19.08020716
1	17.43017702
2	15.36848804
3	14.03579
4	13.39139124
5	12.63221979
6	11.55830942
7	10.70734837
8	9.860041086
9	8.632260403
