{
  "model": {
    "mae_price": 7.356027603149414,
    "rmse_price": 9.818860367725902,
    "mape_price_pct": 3.2702994346618652,
    "directional_accuracy_pct": 45.45454545454545
  },
  "baselines": {
    "naive": {
      "mae": 7.313891887664795,
      "rmse": 9.800783585342488,
      "mape": 3.2550196647644043,
      "directional_accuracy": 0.0
    },
    "sma_60": {
      "mae": 15.123201518802663,
      "rmse": 18.325980830465173,
      "mape": 6.495015119115282
    }
  }
}