{
  "model": {
    "mae_price": 7.308124542236328,
    "rmse_price": 9.824653631030793,
    "mape_price_pct": 3.2509219646453857,
    "directional_accuracy_pct": 50.16835016835017
  },
  "baselines": {
    "naive": {
      "mae": 7.313892364501953,
      "rmse": 9.800785531460802,
      "mape": 3.2550201416015625,
      "directional_accuracy": 0.0
    },
    "sma_60": {
      "mae": 15.123202593425578,
      "rmse": 18.32598224364521,
      "mape": 6.495015555255193
    }
  }
}